feature,mean_abs_shap
stage,0.26415488
tobacco_use,0.21300235
hpv_status,0.20682965
median_income,0.16347139
poverty_pct,0.15874174
age,0.14775772
treatment,0.12971313
cci_score,0.101231135
race,0.09326363
alcohol_use,0.09298397
primary_site,0.059328735
insurance,0.05524495
immunosuppressed,0.053729188
sex,0.051088456
grade,0.04213479
hypertension,0.04200923
prior_cancer,0.015323261
diabetes,0.014468674
