feature,mean_abs_shap
stage,0.2627468
tobacco_use,0.2171473
hpv_status,0.20818041
median_income,0.17584264
poverty_pct,0.15461366
age,0.14982319
treatment,0.12792286
cci_score,0.09999767
race,0.09789112
alcohol_use,0.08905507
primary_site,0.05522832
immunosuppressed,0.05468597
insurance,0.053303573
sex,0.051481567
grade,0.049270123
hypertension,0.03988738
prior_cancer,0.016232176
diabetes,0.015001306
